filename,format,size,mode,greyscale,alpha,planes,bitdepth,interlace,physical
100 Days Of Coffee Teach Repeat T-Shirt Design (1).png,PNG,"(4500, 5400)",RGBA,False,True,4,8,0,"_Resolution(x=11811, y=11811, unit_is_meter=True)"
100 Days Of Coffee Teach Repeat T-Shirt Design (4).png,PNG,"(4500, 5400)",RGBA,False,True,4,8,0,"_Resolution(x=11811, y=11811, unit_is_meter=True)"
40 Years of Being Awesome Vintage 1982 Limited Edition T-Shirt Design (1).png,PNG,"(4500, 5400)",RGBA,False,True,4,8,0,"_Resolution(x=11811, y=11811, unit_is_meter=True)"
40 Years of Being Awesome Vintage 1982 Limited Edition T-Shirt Design (2).png,PNG,"(4500, 5400)",RGBA,False,True,4,8,0,"_Resolution(x=11811, y=11811, unit_is_meter=True)"
Best Cat mom Ever T-Shirt Design (1).png,PNG,"(4500, 5400)",RGBA,False,True,4,8,0,"_Resolution(x=11811, y=11811, unit_is_meter=True)"
Best Cat mom Ever T-Shirt Design (2).png,PNG,"(4500, 5400)",RGBA,False,True,4,8,0,"_Resolution(x=11811, y=11811, unit_is_meter=True)"
Dadzilla Father Of The Monsters T-Shirt Design (1).png,PNG,"(4500, 5400)",RGBA,False,True,4,8,0,"_Resolution(x=11811, y=11811, unit_is_meter=True)"
Dadzilla Father Of The Monsters T-Shirt Design (2).png,PNG,"(4500, 5400)",RGBA,False,True,4,8,0,"_Resolution(x=11811, y=11811, unit_is_meter=True)"
Don't worry I've had both my shots and My booster T-Shirt Design (1).png,PNG,"(4500, 5400)",RGBA,False,True,4,8,0,"_Resolution(x=11811, y=11811, unit_is_meter=True)"
Don't worry I've had both my shots and My booster T-Shirt Design (4).png,PNG,"(4500, 5400)",RGBA,False,True,4,8,0,"_Resolution(x=11811, y=11811, unit_is_meter=True)"
Dreamed That I'd Become A Grumpy Old Man T-Shirt Design (1).png,PNG,"(4500, 5400)",RGBA,False,True,4,8,0,"_Resolution(x=11811, y=11811, unit_is_meter=True)"
Dreamed That I'd Become A Grumpy Old Man T-Shirt Design (2).png,PNG,"(4500, 5400)",RGBA,False,True,4,8,0,"_Resolution(x=11811, y=11811, unit_is_meter=True)"
Eat Sleep Swim Repeat T-Shirt Design (1).png,PNG,"(4500, 5400)",RGBA,False,True,4,8,0,"_Resolution(x=11811, y=11811, unit_is_meter=True)"
Eat Sleep Swim Repeat T-Shirt Design (4).png,PNG,"(4500, 5400)",RGBA,False,True,4,8,0,"_Resolution(x=11811, y=11811, unit_is_meter=True)"
Free Hugs Just Kidding Don't Touch Me T-Shirt Design (1).png,PNG,"(4500, 5400)",RGBA,False,True,4,8,0,"_Resolution(x=11811, y=11811, unit_is_meter=True)"
Free Hugs Just Kidding Don't Touch Me T-Shirt Design (2).png,PNG,"(4500, 5400)",RGBA,False,True,4,8,0,"_Resolution(x=11811, y=11811, unit_is_meter=True)"
I Can't I Have Plans In The Garage T-Shirt Design (1).png,PNG,"(4500, 5400)",RGBA,False,True,4,8,0,"_Resolution(x=11811, y=11811, unit_is_meter=True)"
I Can't I Have Plans In The Garage T-Shirt Design (2).png,PNG,"(4500, 5400)",RGBA,False,True,4,8,0,"_Resolution(x=11811, y=11811, unit_is_meter=True)"
I Don't Snore I Dream I'm a Snowmobile T-Shirt Design (1).png,PNG,"(4500, 5400)",RGBA,False,True,4,8,0,"_Resolution(x=11811, y=11811, unit_is_meter=True)"
I Know I Swim Like a Girl - Try to Keep Up T-Shirt Design (1).png,PNG,"(4500, 5400)",RGBA,False,True,4,8,0,"_Resolution(x=11811, y=11811, unit_is_meter=True)"
I Know I Swim Like a Girl - Try to Keep Up T-Shirt Design (4).png,PNG,"(4500, 5400)",RGBA,False,True,4,8,0,"_Resolution(x=11811, y=11811, unit_is_meter=True)"
I Love It When She Bends Over Fishing T-Shirt Design (1).png,PNG,"(4500, 5400)",RGBA,False,True,4,8,0,"_Resolution(x=11811, y=11811, unit_is_meter=True)"
